{
  "BTCUSDT": {
    "last_ts": 1756304114.9613383,
    "last_fp": "0:57.8:0:0",
    "counter": 0,
    "last_score": 57.756982708707724
  },
  "ETHUSDT": {
    "last_ts": 1756302650.786682,
    "last_fp": "cb16a2101f68ae778120e606624bf5ad855e0342",
    "counter": 9,
    "last_score": 72.92264182950399
  }
}