{
  "BTCUSDT": {
    "last_ts": 1756295675.2597568,
    "last_fp": "8088ce5c35547c67f01263a80286adff7bc70906",
    "counter": 6,
    "last_score": 57.67862490102163
  },
  "ETHUSDT": {
    "last_ts": 1756295677.7713566,
    "last_fp": "d6f1eeb1602a6dc502340b8ff3f593776e302533",
    "counter": 6,
    "last_score": 55.97470894635804
  }
}