{
  "BTCUSDT": {
    "last_ts": 1756294050.908273,
    "last_fp": "648f43c7a42a610aac9af2bc483d1973270a61c4",
    "counter": 0,
    "last_score": 48.847661107284594
  }
}