{
  "BTCUSDT": {
    "last_ts": 1756307645.7721074,
    "last_fp": "0:62.9:0:64",
    "counter": 4,
    "last_score": 62.867714116223986
  },
  "ETHUSDT": {
    "last_ts": 1756307646.63354,
    "last_fp": "0:94.0:0:59",
    "counter": 4,
    "last_score": 94.03862349378196
  }
}