{
  "BTCUSDT": {
    "last_ts": 1756302649.1384885,
    "last_fp": "d94bc727c9c3edeaea97cd25514064e5c04536ee",
    "counter": 8,
    "last_score": 44.06078454240996
  },
  "ETHUSDT": {
    "last_ts": 1756302650.786682,
    "last_fp": "cb16a2101f68ae778120e606624bf5ad855e0342",
    "counter": 8,
    "last_score": 72.92264182950399
  }
}