{
  "BTCUSDT": {
    "last_ts": 1756305954.0830922,
    "last_fp": "0:116.0:0:0",
    "counter": 4,
    "last_score": 116.00961036171074
  },
  "ETHUSDT": {
    "last_ts": 1756305955.0492556,
    "last_fp": "0:127.6:0:0",
    "counter": 4,
    "last_score": 127.62396292904776
  }
}