{
  "BTCUSDT": {
    "last_ts": 1756307328.0219479,
    "last_fp": "0:52.5:0:0",
    "counter": 8,
    "last_score": 52.53794097172733
  },
  "ETHUSDT": {
    "last_ts": 1756307328.8096662,
    "last_fp": "0:67.8:0:0",
    "counter": 8,
    "last_score": 67.83802444777066
  }
}