{
  "BTCUSDT": {
    "last_ts": 1756300804.5212345,
    "last_fp": "fac9e1cc24bf49ef2589d1cdd9261fa372f23913",
    "counter": 1,
    "last_score": 12.11855835163961
  },
  "ETHUSDT": {
    "last_ts": 1756295677.7713566,
    "last_fp": "d6f1eeb1602a6dc502340b8ff3f593776e302533",
    "counter": 6,
    "last_score": 55.97470894635804
  }
}