{
  "BTCUSDT": {
    "last_ts": 1756299850.9519198,
    "last_fp": "d64f68ca01d0b88b74e8cdb041fc16e6ce71dcc6",
    "counter": 0,
    "last_score": 22.548945301005073
  },
  "ETHUSDT": {
    "last_ts": 1756295677.7713566,
    "last_fp": "d6f1eeb1602a6dc502340b8ff3f593776e302533",
    "counter": 6,
    "last_score": 55.97470894635804
  }
}