{
  "BTCUSDT": {
    "last_ts": 1756301357.4517777,
    "last_fp": "debf3d1ac74bb79e3642887669050ef6ed5f0eaf",
    "counter": 0,
    "last_score": 22.328708243956985
  },
  "ETHUSDT": {
    "last_ts": 1756295677.7713566,
    "last_fp": "d6f1eeb1602a6dc502340b8ff3f593776e302533",
    "counter": 6,
    "last_score": 55.97470894635804
  }
}